,0,0.5,1.0,1.5,2.0,2.5,3.0,3.5,4.0,4.5,5.0,5.5,6.0,6.5,7.0,7.5,8.0,8.5,9.0,9.5,10.0,10.5,11.0,11.5,12.0,12.5,13.0,13.5,14.0,14.5,15.0,15.5,16.0,16.5,17.0,17.5,18.0,18.5,19.0,19.5,20.0,20.5,21.0,21.5,22.0,22.5,23.0,23.5,24.0,24.5,25.0,25.5,26.0,26.5,27.0,27.5,28.0,28.5,29.0,29.5,30.0,30.5,31.0,31.5,32.0,32.5,33.0,33.5,34.0,34.5,35.0,35.5,36.0,36.5,37.0,37.5,38.0,38.5,39.0,39.5,40.0
2,0.2970000000000002,0.6680000000000005,0.8990000000000007,1.0819999999999916,1.2399999999999742,1.3799999999999588,1.5079999999999447,1.6259999999999317,1.7359999999999196,1.8399999999999082,1.9389999999998973,2.033999999999887,2.123999999999877,2.2109999999998675,2.2949999999998583,2.3759999999998493,2.4549999999998406,2.5309999999998323,2.604999999999824,2.677999999999816,2.7479999999998084,2.8169999999998008,2.8849999999997933,2.950999999999786,3.014999999999779,3.078999999999772,3.140999999999765,3.2029999999997583,3.2629999999997517,3.321999999999745,3.3799999999997388,3.4379999999997324,3.493999999999726,3.54999999999972,3.604999999999714,3.658999999999708,3.711999999999702,3.7649999999996964,3.8169999999996906,3.868999999999685,3.9199999999996793,3.969999999999674,4.019999999999677,4.0689999999996935,4.11799999999971,4.165999999999726,4.213999999999742,4.261999999999758,4.307999999999773,4.354999999999789,4.400999999999804,4.445999999999819,4.4909999999998345,4.5359999999998495,4.5809999999998645,4.624999999999879,4.667999999999894,4.711999999999908,4.754999999999923,4.796999999999937,4.839999999999951,4.881999999999965,4.922999999999979,4.964999999999993,5.0060000000000064,5.04700000000002,5.0870000000000335,5.127000000000047,5.16700000000006,5.207000000000074,5.247000000000087,5.2860000000001,5.325000000000113,5.364000000000126,5.402000000000139,5.440000000000151,5.478000000000164,5.516000000000177,5.5540000000001895,5.591000000000202,5.6200000000002115
2.5,0.2480000000000002,0.5580000000000004,0.7510000000000006,0.9050000000000007,1.0369999999999966,1.1549999999999836,1.2629999999999717,1.3619999999999608,1.4549999999999506,1.5429999999999409,1.6259999999999317,1.705999999999923,1.7819999999999145,1.8559999999999064,1.9269999999998986,1.994999999999891,2.061999999999884,2.125999999999877,2.18899999999987,2.250999999999863,2.3099999999998566,2.36899999999985,2.425999999999844,2.4819999999998377,2.5369999999998316,2.5909999999998257,2.64399999999982,2.695999999999814,2.7469999999998085,2.797999999999803,2.8469999999997975,2.895999999999792,2.943999999999787,2.9919999999997815,3.0389999999997763,3.0849999999997713,3.1299999999997663,3.1759999999997612,3.2199999999997564,3.2639999999997515,3.3079999999997467,3.350999999999742,3.3929999999997373,3.4349999999997327,3.476999999999728,3.5179999999997236,3.558999999999719,3.5999999999997145,3.63999999999971,3.678999999999706,3.7189999999997014,3.757999999999697,3.796999999999693,3.8349999999996887,3.8729999999996845,3.9109999999996803,3.947999999999676,3.984999999999672,4.021999999999678,4.05899999999969,4.094999999999702,4.130999999999714,4.166999999999726,4.202999999999738,4.23799999999975,4.272999999999762,4.307999999999773,4.342999999999785,4.376999999999796,4.410999999999808,4.444999999999819,4.4789999999998305,4.512999999999842,4.545999999999853,4.578999999999864,4.611999999999875,4.644999999999886,4.677999999999897,4.709999999999908,4.742999999999919,4.767999999999927
3.0,0.21700000000000016,0.4900000000000004,0.6600000000000005,0.7950000000000006,0.9120000000000007,1.015999999999999,1.1109999999999884,1.1989999999999787,1.2809999999999697,1.3589999999999611,1.432999999999953,1.5039999999999452,1.5719999999999377,1.6369999999999305,1.6999999999999236,1.7609999999999169,1.8199999999999104,1.877999999999904,1.9339999999998978,1.9879999999998919,2.041999999999886,2.0939999999998804,2.144999999999875,2.1949999999998693,2.2449999999998638,2.2929999999998585,2.3399999999998533,2.386999999999848,2.432999999999843,2.477999999999838,2.5219999999998333,2.5659999999998284,2.6089999999998237,2.651999999999819,2.6939999999998143,2.73499999999981,2.7759999999998053,2.8169999999998008,2.8569999999997964,2.895999999999792,2.9359999999997877,2.9739999999997835,3.012999999999779,3.050999999999775,3.087999999999771,3.124999999999767,3.161999999999763,3.1989999999997587,3.2349999999997547,3.2709999999997508,3.305999999999747,3.341999999999743,3.376999999999739,3.4109999999997354,3.4459999999997315,3.4799999999997278,3.513999999999724,3.5469999999997204,3.5809999999997166,3.613999999999713,3.6469999999997094,3.678999999999706,3.711999999999702,3.7439999999996987,3.775999999999695,3.8079999999996916,3.839999999999688,3.8709999999996847,3.9019999999996813,3.932999999999678,3.9639999999996745,3.994999999999671,4.025999999999679,4.055999999999689,4.085999999999699,4.115999999999709,4.145999999999719,4.175999999999729,4.204999999999739,4.234999999999749,4.257999999999757
3.5,0.19600000000000015,0.44200000000000034,0.5960000000000004,0.7190000000000005,0.8250000000000006,0.9190000000000007,1.006,1.0859999999999912,1.160999999999983,1.2319999999999751,1.2999999999999676,1.3639999999999606,1.4259999999999537,1.4859999999999471,1.5439999999999408,1.5999999999999346,1.6539999999999286,1.7069999999999228,1.758999999999917,1.8089999999999116,1.8579999999999062,1.9059999999999009,1.9529999999998957,1.9989999999998906,2.043999999999886,2.088999999999881,2.132999999999876,2.1759999999998714,2.2179999999998667,2.259999999999862,2.3009999999998576,2.340999999999853,2.380999999999849,2.4209999999998444,2.45899999999984,2.497999999999836,2.5359999999998317,2.5729999999998276,2.6109999999998235,2.6469999999998195,2.6839999999998154,2.7199999999998115,2.7549999999998076,2.7899999999998037,2.8249999999998,2.859999999999796,2.8939999999997923,2.9279999999997885,2.961999999999785,2.994999999999781,3.0279999999997775,3.060999999999774,3.0939999999997703,3.1259999999997667,3.157999999999763,3.1899999999997597,3.221999999999756,3.2529999999997528,3.2839999999997493,3.314999999999746,3.3459999999997425,3.376999999999739,3.406999999999736,3.4369999999997325,3.466999999999729,3.496999999999726,3.5269999999997226,3.5559999999997194,3.584999999999716,3.614999999999713,3.6439999999997097,3.6719999999997066,3.7009999999997034,3.7289999999997003,3.757999999999697,3.785999999999694,3.813999999999691,3.841999999999688,3.869999999999685,3.896999999999682,3.9189999999996794
4.0,0.18000000000000013,0.4060000000000003,0.5480000000000004,0.6620000000000005,0.7600000000000006,0.8480000000000006,0.9280000000000007,1.0020000000000004,1.0719999999999927,1.1379999999999855,1.2009999999999785,1.2619999999999718,1.3199999999999654,1.3749999999999594,1.4289999999999534,1.4819999999999476,1.531999999999942,1.5819999999999366,1.6299999999999313,1.676999999999926,1.722999999999921,1.767999999999916,1.8129999999999111,1.8559999999999064,1.8979999999999018,1.9399999999998971,1.9809999999998926,2.0219999999998883,2.061999999999884,2.1009999999998796,2.1399999999998753,2.177999999999871,2.215999999999867,2.252999999999863,2.289999999999859,2.325999999999855,2.361999999999851,2.397999999999847,2.432999999999843,2.467999999999839,2.5019999999998355,2.5359999999998317,2.569999999999828,2.6029999999998243,2.6359999999998207,2.668999999999817,2.7019999999998134,2.73399999999981,2.7659999999998064,2.797999999999803,2.8289999999997995,2.860999999999796,2.8919999999997925,2.922999999999789,2.952999999999786,2.9839999999997824,3.013999999999779,3.0439999999997758,3.0739999999997725,3.1029999999997693,3.132999999999766,3.161999999999763,3.1909999999997596,3.2199999999997564,3.2479999999997533,3.27699999999975,3.304999999999747,3.332999999999744,3.3619999999997408,3.3889999999997378,3.4169999999997347,3.4449999999997316,3.4719999999997286,3.4999999999997256,3.5269999999997226,3.5539999999997196,3.5809999999997166,3.6079999999997137,3.633999999999711,3.660999999999708,3.6819999999997055
4.5,0.16700000000000012,0.3780000000000003,0.5110000000000003,0.6180000000000004,0.7100000000000005,0.7920000000000006,0.8680000000000007,0.9380000000000007,1.0040000000000002,1.0659999999999934,1.1259999999999868,1.1819999999999806,1.2369999999999746,1.2899999999999687,1.340999999999963,1.3909999999999576,1.4389999999999523,1.4859999999999471,1.531999999999942,1.5769999999999371,1.6209999999999323,1.6629999999999276,1.705999999999923,1.7469999999999184,1.7879999999999139,1.8269999999999096,1.8669999999999052,1.904999999999901,1.9439999999998967,1.9809999999998926,2.0179999999998888,2.0549999999998847,2.0909999999998807,2.1269999999998768,2.161999999999873,2.196999999999869,2.2309999999998653,2.2659999999998615,2.298999999999858,2.332999999999854,2.3659999999998504,2.398999999999847,2.4309999999998433,2.4639999999998397,2.4949999999998362,2.5269999999998327,2.558999999999829,2.5899999999998258,2.6209999999998224,2.650999999999819,2.6819999999998156,2.7119999999998123,2.741999999999809,2.7719999999998057,2.8019999999998024,2.8309999999997992,2.859999999999796,2.888999999999793,2.9179999999997897,2.9469999999997865,2.9759999999997833,3.00399999999978,3.031999999999777,3.059999999999774,3.087999999999771,3.115999999999768,3.1439999999997648,3.170999999999762,3.197999999999759,3.2259999999997557,3.2529999999997528,3.27999999999975,3.305999999999747,3.332999999999744,3.359999999999741,3.385999999999738,3.4119999999997352,3.4389999999997323,3.4649999999997294,3.4909999999997265,3.5109999999997243
5.0,0.1570000000000001,0.35600000000000026,0.48100000000000037,0.5820000000000004,0.6690000000000005,0.7480000000000006,0.8190000000000006,0.8860000000000007,0.9490000000000007,1.0079999999999998,1.0649999999999935,1.1189999999999876,1.1719999999999817,1.2219999999999762,1.2709999999999708,1.3189999999999655,1.3649999999999605,1.4099999999999555,1.4539999999999507,1.4979999999999458,1.5399999999999412,1.5809999999999367,1.6219999999999322,1.6619999999999278,1.7009999999999235,1.7389999999999193,1.776999999999915,1.814999999999911,1.8519999999999068,1.8879999999999029,1.923999999999899,1.958999999999895,1.9939999999998912,2.0289999999998876,2.062999999999884,2.09699999999988,2.1309999999998763,2.1639999999998727,2.196999999999869,2.2289999999998655,2.261999999999862,2.2939999999998584,2.324999999999855,2.3569999999998514,2.387999999999848,2.4189999999998446,2.449999999999841,2.479999999999838,2.5099999999998346,2.5399999999998313,2.569999999999828,2.5999999999998247,2.6289999999998215,2.658999999999818,2.687999999999815,2.716999999999812,2.7449999999998087,2.7739999999998055,2.8019999999998024,2.8299999999997993,2.8579999999997963,2.885999999999793,2.91399999999979,2.941999999999787,2.968999999999784,2.996999999999781,3.023999999999778,3.050999999999775,3.077999999999772,3.104999999999769,3.130999999999766,3.157999999999763,3.1849999999997602,3.2109999999997574,3.2369999999997545,3.2629999999997517,3.288999999999749,3.314999999999746,3.340999999999743,3.36699999999974,3.386999999999738
5.5,0.1480000000000001,0.33700000000000024,0.45700000000000035,0.5530000000000004,0.6360000000000005,0.7110000000000005,0.7800000000000006,0.8440000000000006,0.9040000000000007,0.9610000000000007,1.015999999999999,1.0679999999999932,1.1189999999999876,1.1679999999999822,1.214999999999977,1.260999999999972,1.305999999999967,1.3499999999999621,1.3919999999999575,1.4339999999999529,1.4749999999999484,1.514999999999944,1.5549999999999395,1.5939999999999352,1.631999999999931,1.668999999999927,1.705999999999923,1.7429999999999188,1.7789999999999149,1.813999999999911,1.849999999999907,1.8839999999999033,1.9189999999998995,1.9519999999998958,1.985999999999892,2.0189999999998887,2.051999999999885,2.0849999999998814,2.116999999999878,2.1489999999998743,2.180999999999871,2.2119999999998674,2.243999999999864,2.2749999999998605,2.304999999999857,2.3359999999998537,2.3659999999998504,2.395999999999847,2.425999999999844,2.4559999999998405,2.4849999999998373,2.514999999999834,2.543999999999831,2.5729999999998276,2.6009999999998246,2.6299999999998214,2.658999999999818,2.686999999999815,2.714999999999812,2.742999999999809,2.770999999999806,2.7989999999998028,2.8259999999998,2.8539999999997967,2.8809999999997937,2.9079999999997908,2.934999999999788,2.961999999999785,2.988999999999782,3.015999999999779,3.042999999999776,3.068999999999773,3.09599999999977,3.121999999999767,3.1479999999997643,3.1749999999997613,3.2009999999997585,3.2269999999997556,3.251999999999753,3.27799999999975,3.2989999999997477
6.0,0.1410000000000001,0.32100000000000023,0.43600000000000033,0.5280000000000004,0.6080000000000004,0.6800000000000005,0.7470000000000006,0.8090000000000006,0.8670000000000007,0.9220000000000007,0.9750000000000008,1.0259999999999978,1.0749999999999924,1.1229999999999871,1.168999999999982,1.213999999999977,1.2569999999999724,1.2999999999999676,1.341999999999963,1.3819999999999586,1.422999999999954,1.4619999999999498,1.5009999999999455,1.5389999999999413,1.5759999999999372,1.6129999999999332,1.6489999999999292,1.6849999999999252,1.7209999999999213,1.7559999999999174,1.7899999999999137,1.8249999999999098,1.8579999999999062,1.8919999999999024,1.9249999999998988,1.9579999999998952,1.9909999999998915,2.022999999999888,2.0549999999998847,2.0859999999998813,2.1179999999998778,2.1489999999998743,2.179999999999871,2.2109999999998675,2.241999999999864,2.271999999999861,2.3019999999998575,2.331999999999854,2.361999999999851,2.3909999999998477,2.4209999999998444,2.449999999999841,2.478999999999838,2.507999999999835,2.5369999999998316,2.5649999999998285,2.5939999999998253,2.6219999999998223,2.649999999999819,2.677999999999816,2.705999999999813,2.73399999999981,2.761999999999807,2.788999999999804,2.8169999999998008,2.843999999999798,2.870999999999795,2.8989999999997917,2.9259999999997888,2.952999999999786,2.978999999999783,3.00599999999978,3.032999999999777,3.058999999999774,3.085999999999771,3.1119999999997683,3.1389999999997653,3.1649999999997624,3.1909999999997596,3.2169999999997567,3.2369999999997545
6.5,0.1350000000000001,0.3080000000000002,0.4180000000000003,0.5070000000000003,0.5850000000000004,0.6540000000000005,0.7190000000000005,0.7790000000000006,0.8360000000000006,0.8890000000000007,0.9410000000000007,0.9910000000000008,1.0389999999999964,1.0849999999999913,1.1299999999999863,1.1739999999999815,1.2169999999999768,1.2589999999999721,1.2999999999999676,1.3399999999999632,1.3799999999999588,1.4179999999999546,1.4559999999999504,1.4939999999999463,1.5309999999999422,1.5669999999999382,1.6029999999999343,1.6389999999999303,1.6739999999999264,1.7089999999999226,1.7429999999999188,1.776999999999915,1.8109999999999113,1.8439999999999077,1.876999999999904,1.9099999999999004,1.941999999999897,1.9739999999998934,2.00599999999989,2.0379999999998866,2.068999999999883,2.1009999999998796,2.131999999999876,2.161999999999873,2.1929999999998695,2.222999999999866,2.252999999999863,2.2829999999998596,2.3129999999998563,2.342999999999853,2.3729999999998497,2.4019999999998465,2.4309999999998433,2.45999999999984,2.488999999999837,2.5179999999998337,2.5469999999998305,2.5749999999998274,2.6039999999998242,2.631999999999821,2.659999999999818,2.687999999999815,2.715999999999812,2.743999999999809,2.7719999999998057,2.7999999999998026,2.8269999999997997,2.8549999999997966,2.8819999999997936,2.9089999999997906,2.9369999999997876,2.9639999999997846,2.9909999999997816,3.0179999999997786,3.0449999999997757,3.0719999999997727,3.09799999999977,3.124999999999767,3.151999999999764,3.177999999999761,3.1989999999997587
7.0,0.1300000000000001,0.2960000000000002,0.4030000000000003,0.4890000000000004,0.5640000000000004,0.6320000000000005,0.6950000000000005,0.7530000000000006,0.8090000000000006,0.8620000000000007,0.9120000000000007,0.9610000000000007,1.0079999999999998,1.0539999999999947,1.0979999999999899,1.1409999999999851,1.1839999999999804,1.2249999999999759,1.2649999999999715,1.304999999999967,1.3439999999999628,1.3829999999999585,1.4199999999999544,1.4579999999999502,1.4939999999999463,1.5309999999999422,1.5659999999999383,1.6019999999999344,1.6369999999999305,1.6709999999999268,1.705999999999923,1.7399999999999192,1.7729999999999155,1.8069999999999118,1.8399999999999082,1.8719999999999046,1.904999999999901,1.9369999999998975,1.968999999999894,2.0009999999998906,2.0319999999998872,2.0639999999998837,2.0949999999998803,2.125999999999877,2.1569999999998735,2.18699999999987,2.2179999999998667,2.2479999999998634,2.27799999999986,2.307999999999857,2.3379999999998535,2.3679999999998502,2.396999999999847,2.4269999999998437,2.4559999999998405,2.4849999999998373,2.513999999999834,2.542999999999831,2.5719999999998278,2.6009999999998246,2.6299999999998214,2.6579999999998183,2.686999999999815,2.714999999999812,2.742999999999809,2.770999999999806,2.7999999999998026,2.8279999999997996,2.8559999999997965,2.8829999999997935,2.9109999999997904,2.9389999999997873,2.9669999999997843,2.9939999999997813,3.021999999999778,3.0489999999997752,3.076999999999772,3.103999999999769,3.130999999999766,3.157999999999763,3.179999999999761
7.5,0.12500000000000008,0.2860000000000002,0.3890000000000003,0.47300000000000036,0.5470000000000004,0.6130000000000004,0.6740000000000005,0.7320000000000005,0.7860000000000006,0.8380000000000006,0.8880000000000007,0.9360000000000007,0.9820000000000008,1.0269999999999977,1.0709999999999928,1.113999999999988,1.1559999999999835,1.196999999999979,1.2369999999999746,1.2759999999999703,1.314999999999966,1.3529999999999618,1.3909999999999576,1.4279999999999535,1.4649999999999495,1.5009999999999455,1.5369999999999415,1.5719999999999377,1.6069999999999338,1.64199999999993,1.6759999999999262,1.7099999999999225,1.7439999999999187,1.777999999999915,1.8109999999999113,1.8439999999999077,1.876999999999904,1.9089999999999006,1.940999999999897,1.9729999999998935,2.00499999999989,2.0369999999998867,2.068999999999883,2.0999999999998797,2.1309999999998763,2.161999999999873,2.1929999999998695,2.223999999999866,2.253999999999863,2.2849999999998594,2.314999999999856,2.3449999999998528,2.3749999999998495,2.404999999999846,2.434999999999843,2.4649999999998395,2.4949999999998362,2.523999999999833,2.5539999999998297,2.5829999999998265,2.6119999999998234,2.64099999999982,2.670999999999817,2.6999999999998137,2.7279999999998106,2.7569999999998074,2.785999999999804,2.814999999999801,2.843999999999798,2.8719999999997947,2.9009999999997915,2.9289999999997884,2.9579999999997852,2.985999999999782,3.013999999999779,3.041999999999776,3.070999999999773,3.0989999999997697,3.1269999999997666,3.1549999999997635,3.176999999999761
8.0,0.12000000000000009,0.2770000000000002,0.3770000000000003,0.45900000000000035,0.5310000000000004,0.5960000000000004,0.6560000000000005,0.7130000000000005,0.7660000000000006,0.8180000000000006,0.8670000000000007,0.9140000000000007,0.9600000000000007,1.0050000000000001,1.0479999999999954,1.0909999999999906,1.132999999999986,1.1729999999999816,1.2129999999999772,1.2529999999999728,1.2919999999999685,1.3299999999999643,1.3669999999999602,1.404999999999956,1.440999999999952,1.477999999999948,1.513999999999944,1.5489999999999402,1.5849999999999362,1.6189999999999325,1.6539999999999286,1.687999999999925,1.7219999999999211,1.7559999999999174,1.7899999999999137,1.82299999999991,1.8559999999999064,1.8889999999999028,1.9219999999998991,1.9539999999998956,1.986999999999892,2.0189999999998887,2.050999999999885,2.0829999999998816,2.114999999999878,2.1459999999998747,2.177999999999871,2.2089999999998677,2.2399999999998643,2.270999999999861,2.3019999999998575,2.332999999999854,2.3639999999998507,2.3939999999998474,2.424999999999844,2.4549999999998406,2.4859999999998372,2.515999999999834,2.5459999999998306,2.5759999999998273,2.605999999999824,2.6359999999998207,2.6659999999998174,2.695999999999814,2.725999999999811,2.7559999999998075,2.7849999999998043,2.814999999999801,2.843999999999798,2.8739999999997945,2.9029999999997913,2.932999999999788,2.961999999999785,2.9909999999997816,3.0199999999997784,3.049999999999775,3.078999999999772,3.1079999999997687,3.1369999999997655,3.1659999999997623,3.18899999999976
8.5,0.11700000000000009,0.2690000000000002,0.36700000000000027,0.44700000000000034,0.5180000000000003,0.5820000000000004,0.6410000000000005,0.6960000000000005,0.7490000000000006,0.8000000000000006,0.8490000000000006,0.8960000000000007,0.9410000000000007,0.9860000000000008,1.0289999999999975,1.0719999999999927,1.1129999999999882,1.1539999999999837,1.1939999999999793,1.233999999999975,1.2729999999999706,1.3109999999999664,1.3489999999999622,1.3859999999999582,1.422999999999954,1.45999999999995,1.495999999999946,1.531999999999942,1.5669999999999382,1.6029999999999343,1.6379999999999304,1.6719999999999267,1.7069999999999228,1.740999999999919,1.7749999999999153,1.8089999999999116,1.8429999999999078,1.8759999999999042,1.9099999999999004,1.9429999999998968,1.9759999999998932,2.00799999999989,2.0409999999998862,2.0739999999998826,2.105999999999879,2.1379999999998756,2.169999999999872,2.2029999999998684,2.233999999999865,2.2659999999998615,2.297999999999858,2.3299999999998544,2.360999999999851,2.3929999999998475,2.423999999999844,2.4549999999998406,2.486999999999837,2.5179999999998337,2.5489999999998303,2.579999999999827,2.6109999999998235,2.64199999999982,2.6729999999998166,2.7029999999998133,2.73399999999981,2.7649999999998065,2.794999999999803,2.8259999999998,2.8559999999997965,2.886999999999793,2.9169999999997898,2.9479999999997863,2.977999999999783,3.0079999999997797,3.0389999999997763,3.068999999999773,3.0989999999997697,3.1289999999997664,3.159999999999763,3.1899999999997597,3.212999999999757
9.0,0.11300000000000009,0.2610000000000002,0.35800000000000026,0.43600000000000033,0.5060000000000003,0.5690000000000004,0.6270000000000004,0.6820000000000005,0.7350000000000005,0.7850000000000006,0.8330000000000006,0.8800000000000007,0.9260000000000007,0.9700000000000008,1.0129999999999992,1.0559999999999945,1.0979999999999899,1.1379999999999855,1.178999999999981,1.2179999999999767,1.2569999999999724,1.295999999999968,1.3339999999999639,1.3719999999999597,1.4089999999999556,1.4459999999999515,1.4829999999999475,1.5189999999999435,1.5549999999999395,1.5909999999999356,1.6269999999999316,1.6619999999999278,1.696999999999924,1.73199999999992,1.7669999999999162,1.8009999999999124,1.8349999999999087,1.8699999999999048,1.903999999999901,1.9369999999998975,1.9709999999998937,2.00499999999989,2.0379999999998866,2.070999999999883,2.104999999999879,2.1379999999998756,2.170999999999872,2.2039999999998683,2.2369999999998647,2.268999999999861,2.3019999999998575,2.333999999999854,2.3669999999998503,2.398999999999847,2.431999999999843,2.4639999999998397,2.495999999999836,2.5279999999998326,2.560999999999829,2.5929999999998254,2.624999999999822,2.6569999999998184,2.687999999999815,2.7199999999998115,2.751999999999808,2.7839999999998044,2.815999999999801,2.8469999999997975,2.878999999999794,2.9099999999997905,2.941999999999787,2.9739999999997835,3.00499999999978,3.0369999999997765,3.067999999999773,3.0999999999997696,3.130999999999766,3.161999999999763,3.1939999999997593,3.224999999999756,3.248999999999753
9.5,0.11000000000000008,0.25500000000000017,0.34900000000000025,0.4270000000000003,0.4950000000000004,0.5570000000000004,0.6150000000000004,0.6700000000000005,0.7220000000000005,0.7720000000000006,0.8200000000000006,0.8670000000000007,0.9120000000000007,0.9570000000000007,1.0000000000000007,1.042999999999996,1.0849999999999913,1.1259999999999868,1.1659999999999824,1.205999999999978,1.2459999999999736,1.2849999999999693,1.322999999999965,1.3619999999999608,1.3999999999999566,1.4369999999999525,1.4739999999999485,1.5109999999999444,1.5479999999999403,1.5839999999999363,1.6199999999999324,1.6559999999999284,1.6919999999999245,1.7279999999999205,1.7629999999999166,1.7989999999999127,1.8339999999999088,1.868999999999905,1.9029999999999012,1.9379999999998974,1.9729999999998935,2.00699999999989,2.0409999999998862,2.0759999999998824,2.1099999999998786,2.143999999999875,2.177999999999871,2.2119999999998674,2.2459999999998637,2.27899999999986,2.3129999999998563,2.3469999999998525,2.379999999999849,2.413999999999845,2.4469999999998415,2.479999999999838,2.513999999999834,2.5469999999998305,2.579999999999827,2.6129999999998232,2.6469999999998195,2.679999999999816,2.7129999999998122,2.7459999999998086,2.778999999999805,2.8119999999998013,2.8449999999997977,2.877999999999794,2.9099999999997905,2.942999999999787,2.9759999999997833,3.0089999999997796,3.041999999999776,3.0739999999997725,3.106999999999769,3.139999999999765,3.1729999999997616,3.204999999999758,3.2379999999997544,3.2709999999997508,3.295999999999748
10.0,0.10700000000000008,0.2490000000000002,0.34200000000000025,0.4180000000000003,0.4850000000000004,0.5470000000000004,0.6050000000000004,0.6590000000000005,0.7110000000000005,0.7610000000000006,0.8090000000000006,0.8560000000000006,0.9010000000000007,0.9460000000000007,0.9900000000000008,1.032999999999997,1.0749999999999924,1.115999999999988,1.1569999999999834,1.1979999999999789,1.2369999999999746,1.2769999999999702,1.3159999999999659,1.3549999999999616,1.3929999999999574,1.431999999999953,1.468999999999949,1.5069999999999448,1.5439999999999408,1.5819999999999366,1.6189999999999325,1.6549999999999285,1.6919999999999245,1.7279999999999205,1.7649999999999164,1.8009999999999124,1.8369999999999085,1.8729999999999045,1.9079999999999007,1.9439999999998967,1.9799999999998927,2.014999999999889,2.0499999999998852,2.0859999999998813,2.1209999999998774,2.1559999999998736,2.1909999999998697,2.225999999999866,2.260999999999862,2.295999999999858,2.3309999999998543,2.3649999999998506,2.3999999999998467,2.434999999999843,2.468999999999839,2.5039999999998352,2.5389999999998314,2.5729999999998276,2.606999999999824,2.64199999999982,2.6759999999998163,2.7109999999998124,2.7449999999998087,2.778999999999805,2.813999999999801,2.8479999999997974,2.8819999999997936,2.91599999999979,2.949999999999786,2.9849999999997823,3.0189999999997785,3.052999999999775,3.086999999999771,3.1209999999997673,3.1549999999997635,3.18899999999976,3.222999999999756,3.2569999999997523,3.2909999999997486,3.324999999999745,3.351999999999742
10.5,0.10500000000000008,0.2430000000000002,0.33500000000000024,0.4100000000000003,0.47700000000000037,0.5380000000000004,0.5950000000000004,0.6500000000000005,0.7010000000000005,0.7510000000000006,0.8000000000000006,0.8470000000000006,0.8920000000000007,0.9370000000000007,0.9810000000000008,1.023999999999998,1.0669999999999933,1.1089999999999887,1.1499999999999841,1.1909999999999796,1.2319999999999751,1.2719999999999707,1.3119999999999663,1.350999999999962,1.3909999999999576,1.4289999999999534,1.4679999999999491,1.5069999999999448,1.5449999999999406,1.5829999999999365,1.6209999999999323,1.6579999999999282,1.695999999999924,1.73299999999992,1.7699999999999159,1.8079999999999117,1.8449999999999076,1.8819999999999035,1.9179999999998996,1.9549999999998955,1.9919999999998914,2.0279999999998877,2.0649999999998836,2.1009999999998796,2.1369999999998757,2.1739999999998716,2.2099999999998676,2.2459999999998637,2.2819999999998597,2.3179999999998557,2.3539999999998518,2.389999999999848,2.425999999999844,2.46199999999984,2.497999999999836,2.533999999999832,2.569999999999828,2.605999999999824,2.64099999999982,2.676999999999816,2.7129999999998122,2.7489999999998083,2.7839999999998044,2.8199999999998004,2.8549999999997966,2.8909999999997926,2.9269999999997887,2.961999999999785,2.997999999999781,3.032999999999777,3.068999999999773,3.104999999999769,3.139999999999765,3.1759999999997612,3.2109999999997574,3.2469999999997534,3.2819999999997496,3.3179999999997456,3.3529999999997417,3.387999999999738,3.415999999999735
11.0,0.10200000000000008,0.23900000000000018,0.32900000000000024,0.4030000000000003,0.46900000000000036,0.5300000000000004,0.5870000000000004,0.6410000000000005,0.6930000000000005,0.7430000000000005,0.7920000000000006,0.8390000000000006,0.8850000000000007,0.9300000000000007,0.9750000000000008,1.0189999999999986,1.0619999999999938,1.1039999999999892,1.1459999999999846,1.18799999999998,1.2289999999999754,1.269999999999971,1.3099999999999665,1.350999999999962,1.3909999999999576,1.4309999999999532,1.469999999999949,1.5089999999999446,1.5489999999999402,1.587999999999936,1.6259999999999317,1.6649999999999274,1.7039999999999231,1.741999999999919,1.7799999999999148,1.8189999999999105,1.8569999999999063,1.894999999999902,1.932999999999898,1.9709999999998937,2.00799999999989,2.0459999999998857,2.0839999999998815,2.1209999999998774,2.1589999999998732,2.196999999999869,2.233999999999865,2.270999999999861,2.3089999999998567,2.3459999999998526,2.3839999999998485,2.4209999999998444,2.4579999999998403,2.4949999999998362,2.532999999999832,2.569999999999828,2.606999999999824,2.64399999999982,2.6809999999998158,2.7179999999998117,2.7559999999998075,2.7929999999998034,2.8299999999997993,2.8669999999997953,2.903999999999791,2.940999999999787,2.977999999999783,3.014999999999779,3.051999999999775,3.088999999999771,3.1259999999997667,3.1629999999997627,3.1999999999997586,3.2369999999997545,3.2739999999997504,3.3109999999997464,3.3479999999997423,3.384999999999738,3.421999999999734,3.45899999999973,3.486999999999727
11.5,0.10000000000000007,0.23400000000000018,0.32300000000000023,0.3970000000000003,0.46300000000000036,0.5230000000000004,0.5800000000000004,0.6340000000000005,0.6860000000000005,0.7370000000000005,0.7850000000000006,0.8330000000000006,0.8800000000000007,0.9250000000000007,0.9700000000000008,1.014999999999999,1.0579999999999943,1.1009999999999895,1.1439999999999848,1.18699999999998,1.2289999999999754,1.269999999999971,1.3119999999999663,1.3529999999999618,1.3939999999999573,1.4339999999999529,1.4749999999999484,1.514999999999944,1.5549999999999395,1.595999999999935,1.6349999999999307,1.6749999999999263,1.714999999999922,1.7539999999999176,1.7939999999999132,1.832999999999909,1.8729999999999045,1.9119999999999002,1.950999999999896,1.9899999999998916,2.0289999999998876,2.0679999999998833,2.106999999999879,2.1459999999998747,2.1849999999998704,2.223999999999866,2.262999999999862,2.3019999999998575,2.3399999999998533,2.378999999999849,2.4179999999998447,2.4559999999998405,2.4949999999998362,2.533999999999832,2.5719999999998278,2.6109999999998235,2.649999999999819,2.687999999999815,2.7269999999998107,2.7649999999998065,2.803999999999802,2.841999999999798,2.8809999999997937,2.9189999999997895,2.9579999999997852,2.995999999999781,3.0349999999997768,3.0729999999997726,3.1119999999997683,3.149999999999764,3.18899999999976,3.2269999999997556,3.2659999999997513,3.303999999999747,3.342999999999743,3.3809999999997387,3.4199999999997344,3.45799999999973,3.496999999999726,3.5349999999997217,3.5649999999997184
12.0,0.09800000000000007,0.23000000000000018,0.3180000000000002,0.3910000000000003,0.45700000000000035,0.5170000000000003,0.5740000000000004,0.6280000000000004,0.6810000000000005,0.7310000000000005,0.7800000000000006,0.8280000000000006,0.8750000000000007,0.9220000000000007,0.9670000000000007,1.0119999999999993,1.0569999999999944,1.1009999999999895,1.1439999999999848,1.18699999999998,1.2299999999999753,1.2729999999999706,1.314999999999966,1.3569999999999613,1.3989999999999567,1.440999999999952,1.4829999999999475,1.523999999999943,1.5649999999999384,1.6069999999999338,1.6479999999999293,1.6889999999999248,1.7299999999999203,1.7699999999999159,1.8109999999999113,1.8519999999999068,1.8919999999999024,1.932999999999898,1.9729999999998935,2.013999999999889,2.053999999999885,2.0939999999998804,2.134999999999876,2.1749999999998715,2.214999999999867,2.2559999999998626,2.295999999999858,2.3359999999998537,2.3759999999998493,2.415999999999845,2.4559999999998405,2.496999999999836,2.5369999999998316,2.576999999999827,2.616999999999823,2.6569999999998184,2.696999999999814,2.7369999999998096,2.776999999999805,2.8169999999998008,2.8569999999997964,2.896999999999792,2.9369999999997876,2.976999999999783,3.0169999999997787,3.0569999999997743,3.09699999999977,3.1369999999997655,3.176999999999761,3.2169999999997567,3.2569999999997523,3.296999999999748,3.3369999999997435,3.376999999999739,3.4169999999997347,3.4569999999997303,3.496999999999726,3.5369999999997215,3.576999999999717,3.6169999999997127,3.6479999999997093
12.5,0.09600000000000007,0.22600000000000017,0.3130000000000002,0.3860000000000003,0.45100000000000035,0.5120000000000003,0.5690000000000004,0.6230000000000004,0.6760000000000005,0.7270000000000005,0.7760000000000006,0.8250000000000006,0.8730000000000007,0.9200000000000007,0.9660000000000007,1.0119999999999993,1.0569999999999944,1.1019999999999894,1.1459999999999846,1.1899999999999797,1.233999999999975,1.27799999999997,1.3209999999999653,1.3639999999999606,1.4069999999999558,1.449999999999951,1.4929999999999464,1.5359999999999416,1.577999999999937,1.6209999999999323,1.6629999999999276,1.704999999999923,1.7469999999999184,1.7889999999999138,1.8309999999999091,1.8729999999999045,1.9149999999999,1.9569999999998953,1.9989999999998906,2.0409999999998862,2.0829999999998816,2.123999999999877,2.1659999999998725,2.207999999999868,2.2489999999998633,2.2909999999998587,2.332999999999854,2.3739999999998496,2.415999999999845,2.4579999999998403,2.498999999999836,2.540999999999831,2.5819999999998267,2.623999999999822,2.6649999999998175,2.706999999999813,2.7489999999998083,2.7899999999998037,2.831999999999799,2.8729999999997946,2.91499999999979,2.9559999999997855,2.997999999999781,3.0389999999997763,3.0809999999997717,3.121999999999767,3.1639999999997626,3.204999999999758,3.2469999999997534,3.287999999999749,3.3299999999997443,3.3709999999997398,3.412999999999735,3.4539999999997306,3.495999999999726,3.5369999999997215,3.578999999999717,3.6199999999997123,3.6619999999997077,3.702999999999703,3.7349999999996997
13.0,0.10200000000000008,0.23300000000000018,0.32000000000000023,0.3930000000000003,0.45800000000000035,0.5190000000000003,0.5760000000000004,0.6310000000000004,0.6840000000000005,0.7350000000000005,0.7850000000000006,0.8350000000000006,0.8830000000000007,0.9310000000000007,0.9780000000000008,1.023999999999998,1.0709999999999928,1.115999999999988,1.1619999999999828,1.2069999999999779,1.251999999999973,1.296999999999968,1.340999999999963,1.3849999999999583,1.4299999999999533,1.4739999999999485,1.5179999999999436,1.5609999999999389,1.604999999999934,1.6489999999999292,1.6929999999999243,1.7359999999999196,1.7799999999999148,1.82299999999991,1.8659999999999053,1.9099999999999004,1.9529999999998957,1.995999999999891,2.0399999999998863,2.0829999999998816,2.125999999999877,2.168999999999872,2.2119999999998674,2.2559999999998626,2.298999999999858,2.341999999999853,2.3849999999998484,2.4279999999998436,2.470999999999839,2.513999999999834,2.5569999999998294,2.5999999999998247,2.64299999999982,2.686999999999815,2.7299999999998104,2.7729999999998056,2.815999999999801,2.858999999999796,2.9019999999997914,2.9449999999997867,2.987999999999782,3.030999999999777,3.0739999999997725,3.1169999999997677,3.159999999999763,3.2029999999997583,3.2459999999997535,3.288999999999749,3.331999999999744,3.3749999999997393,3.4179999999997346,3.46099999999973,3.503999999999725,3.5469999999997204,3.5899999999997156,3.632999999999711,3.675999999999706,3.7189999999997014,3.7619999999996967,3.804999999999692,3.838999999999688
13.5,0.10200000000000008,0.23200000000000018,0.31900000000000023,0.3910000000000003,0.45700000000000035,0.5180000000000003,0.5750000000000004,0.6300000000000004,0.6840000000000005,0.7360000000000005,0.7870000000000006,0.8370000000000006,0.8860000000000007,0.9340000000000007,0.9820000000000008,1.0299999999999974,1.0769999999999922,1.123999999999987,1.169999999999982,1.2169999999999768,1.2629999999999717,1.3079999999999667,1.3539999999999617,1.3999999999999566,1.4449999999999517,1.4899999999999467,1.5359999999999416,1.5809999999999367,1.6259999999999317,1.6709999999999268,1.7159999999999218,1.7609999999999169,1.805999999999912,1.850999999999907,1.894999999999902,1.9399999999998971,1.9849999999998922,2.0299999999998875,2.0739999999998826,2.1189999999998776,2.1639999999998727,2.207999999999868,2.252999999999863,2.297999999999858,2.341999999999853,2.386999999999848,2.431999999999843,2.4759999999998383,2.5209999999998334,2.5649999999998285,2.6099999999998236,2.6549999999998186,2.6989999999998138,2.743999999999809,2.787999999999804,2.832999999999799,2.876999999999794,2.921999999999789,2.9669999999997843,3.0109999999997794,3.0559999999997745,3.0999999999997696,3.1449999999997647,3.18899999999976,3.233999999999755,3.27899999999975,3.322999999999745,3.36799999999974,3.4119999999997352,3.4569999999997303,3.5009999999997254,3.5459999999997205,3.5899999999997156,3.6349999999997107,3.6799999999997057,3.723999999999701,3.768999999999696,3.812999999999691,3.857999999999686,3.9019999999996813,3.9369999999996774
14.0,0.10200000000000008,0.23200000000000018,0.3180000000000002,0.3910000000000003,0.45600000000000035,0.5170000000000003,0.5750000000000004,0.6310000000000004,0.6850000000000005,0.7370000000000005,0.7890000000000006,0.8400000000000006,0.8900000000000007,0.9390000000000007,0.9880000000000008,1.0369999999999966,1.0849999999999913,1.132999999999986,1.1799999999999808,1.2279999999999756,1.2749999999999704,1.3219999999999652,1.36899999999996,1.4159999999999549,1.4629999999999497,1.5089999999999446,1.5559999999999394,1.6019999999999344,1.6489999999999292,1.6949999999999241,1.741999999999919,1.7879999999999139,1.8339999999999088,1.8809999999999036,1.9269999999998986,1.9729999999998935,2.0189999999998887,2.0649999999998836,2.1119999999998784,2.1579999999998734,2.2039999999998683,2.249999999999863,2.295999999999858,2.341999999999853,2.388999999999848,2.434999999999843,2.480999999999838,2.5269999999998327,2.5729999999998276,2.6189999999998226,2.6649999999998175,2.7109999999998124,2.7579999999998073,2.803999999999802,2.849999999999797,2.895999999999792,2.941999999999787,2.987999999999782,3.033999999999777,3.079999999999772,3.1259999999997667,3.1719999999997617,3.2189999999997565,3.2649999999997514,3.3109999999997464,3.3569999999997413,3.4029999999997362,3.448999999999731,3.494999999999726,3.540999999999721,3.586999999999716,3.632999999999711,3.6799999999997057,3.7259999999997007,3.7719999999996956,3.8179999999996905,3.8639999999996855,3.9099999999996804,3.9559999999996753,4.001999999999671,4.037999999999683
14.5,0.10200000000000008,0.23200000000000018,0.3170000000000002,0.3900000000000003,0.45600000000000035,0.5170000000000003,0.5750000000000004,0.6320000000000005,0.6860000000000005,0.7400000000000005,0.7920000000000006,0.8440000000000006,0.8940000000000007,0.9450000000000007,0.9950000000000008,1.0439999999999958,1.0939999999999903,1.142999999999985,1.1919999999999795,1.2399999999999742,1.2889999999999688,1.3369999999999636,1.3859999999999582,1.4339999999999529,1.4819999999999476,1.5299999999999423,1.577999999999937,1.6259999999999317,1.6739999999999264,1.7209999999999213,1.768999999999916,1.8169999999999107,1.8649999999999054,1.9129999999999001,1.959999999999895,2.00799999999989,2.0559999999998846,2.1029999999998794,2.150999999999874,2.198999999999869,2.2469999999998636,2.2939999999998584,2.341999999999853,2.389999999999848,2.4369999999998426,2.4849999999998373,2.531999999999832,2.579999999999827,2.6279999999998216,2.6749999999998164,2.722999999999811,2.770999999999806,2.8179999999998007,2.8659999999997954,2.91399999999979,2.960999999999785,3.0089999999997796,3.0569999999997743,3.103999999999769,3.151999999999764,3.1989999999997587,3.2469999999997534,3.294999999999748,3.341999999999743,3.3899999999997377,3.4379999999997324,3.484999999999727,3.532999999999722,3.5809999999997166,3.6279999999997115,3.675999999999706,3.722999999999701,3.7709999999996957,3.8189999999996904,3.8659999999996852,3.91399999999968,3.9619999999996747,4.0089999999996735,4.0569999999996895,4.1049999999997056,4.140999999999718
15.0,0.10200000000000008,0.23100000000000018,0.3170000000000002,0.3900000000000003,0.45500000000000035,0.5170000000000003,0.5760000000000004,0.6330000000000005,0.6880000000000005,0.7420000000000005,0.7960000000000006,0.8480000000000006,0.9000000000000007,0.9520000000000007,1.0030000000000003,1.0539999999999947,1.1039999999999892,1.1539999999999837,1.2039999999999782,1.2539999999999727,1.3039999999999672,1.3539999999999617,1.4039999999999562,1.4529999999999508,1.5029999999999453,1.5519999999999399,1.6009999999999345,1.650999999999929,1.6999999999999236,1.7489999999999182,1.7989999999999127,1.8479999999999073,1.8969999999999019,1.9469999999998964,1.995999999999891,2.044999999999886,2.0939999999998804,2.142999999999875,2.1929999999998695,2.241999999999864,2.2909999999998587,2.3399999999998533,2.388999999999848,2.4389999999998424,2.487999999999837,2.5369999999998316,2.585999999999826,2.634999999999821,2.6849999999998153,2.73399999999981,2.7829999999998045,2.831999999999799,2.8809999999997937,2.9299999999997883,2.979999999999783,3.0289999999997774,3.077999999999772,3.1269999999997666,3.1759999999997612,3.224999999999756,3.2749999999997503,3.323999999999745,3.3729999999997395,3.421999999999734,3.4709999999997287,3.5209999999997232,3.569999999999718,3.6189999999997124,3.667999999999707,3.7169999999997017,3.7659999999996963,3.8159999999996908,3.8649999999996854,3.91399999999968,3.9629999999996746,4.0119999999996745,4.060999999999691,4.1109999999997076,4.159999999999724,4.20899999999974,4.246999999999753
15.5,0.10200000000000008,0.23100000000000018,0.3170000000000002,0.3890000000000003,0.45600000000000035,0.5180000000000003,0.5770000000000004,0.6350000000000005,0.6910000000000005,0.7460000000000006,0.8000000000000006,0.8540000000000006,0.9070000000000007,0.9590000000000007,1.0119999999999993,1.0639999999999936,1.114999999999988,1.1669999999999823,1.2179999999999767,1.269999999999971,1.3209999999999653,1.3719999999999597,1.422999999999954,1.4739999999999485,1.5249999999999428,1.5759999999999372,1.6269999999999316,1.676999999999926,1.7279999999999205,1.7789999999999149,1.8299999999999093,1.8809999999999036,1.9309999999998981,1.9819999999998925,2.032999999999887,2.0839999999998815,2.133999999999876,2.1849999999998704,2.2359999999998648,2.286999999999859,2.3369999999998536,2.387999999999848,2.4389999999998424,2.488999999999837,2.5399999999998313,2.5909999999998257,2.64199999999982,2.6919999999998145,2.742999999999809,2.7939999999998033,2.843999999999798,2.894999999999792,2.9459999999997866,2.996999999999781,3.0469999999997754,3.09799999999977,3.148999999999764,3.1989999999997587,3.249999999999753,3.3009999999997475,3.351999999999742,3.4019999999997363,3.4529999999997307,3.503999999999725,3.5539999999997196,3.604999999999714,3.6559999999997084,3.7069999999997028,3.7569999999996972,3.8079999999996916,3.858999999999686,3.9099999999996804,3.959999999999675,4.010999999999674,4.061999999999691,4.111999999999708,4.162999999999725,4.213999999999742,4.264999999999759,4.314999999999776,4.353999999999789
16.0,0.10200000000000008,0.23100000000000018,0.3160000000000002,0.3890000000000003,0.45600000000000035,0.5190000000000003,0.5790000000000004,0.6370000000000005,0.6940000000000005,0.7500000000000006,0.8050000000000006,0.8600000000000007,0.9140000000000007,0.9680000000000007,1.0209999999999984,1.0739999999999925,1.1279999999999866,1.1799999999999808,1.232999999999975,1.2859999999999692,1.3379999999999634,1.3909999999999576,1.4429999999999519,1.495999999999946,1.5479999999999403,1.6009999999999345,1.6529999999999287,1.704999999999923,1.7579999999999172,1.8099999999999115,1.8619999999999057,1.9149999999999,1.9669999999998942,2.0189999999998887,2.070999999999883,2.123999999999877,2.1759999999998714,2.2279999999998656,2.27999999999986,2.332999999999854,2.3849999999998484,2.4369999999998426,2.489999999999837,2.541999999999831,2.5939999999998253,2.6459999999998196,2.6989999999998138,2.750999999999808,2.8029999999998023,2.8549999999997966,2.9079999999997908,2.959999999999785,3.0119999999997793,3.0639999999997736,3.1169999999997677,3.168999999999762,3.2209999999997563,3.2729999999997506,3.3259999999997447,3.377999999999739,3.4299999999997333,3.4819999999997275,3.5349999999997217,3.586999999999716,3.6389999999997102,3.6909999999997045,3.7439999999996987,3.795999999999693,3.8479999999996872,3.8999999999996815,3.9529999999996757,4.004999999999672,4.0569999999996895,4.108999999999707,4.161999999999725,4.213999999999742,4.265999999999759,4.317999999999777,4.370999999999794,4.422999999999812,4.462999999999825
16.5,0.10200000000000008,0.23100000000000018,0.3160000000000002,0.3900000000000003,0.45700000000000035,0.5200000000000004,0.5810000000000004,0.6400000000000005,0.6980000000000005,0.7550000000000006,0.8110000000000006,0.8670000000000007,0.9220000000000007,0.9770000000000008,1.0319999999999971,1.0859999999999912,1.1409999999999851,1.1949999999999792,1.2489999999999732,1.3029999999999673,1.3569999999999613,1.4109999999999554,1.4649999999999495,1.5189999999999435,1.5729999999999376,1.6269999999999316,1.6809999999999257,1.7349999999999197,1.7879999999999139,1.841999999999908,1.895999999999902,1.949999999999896,2.0039999999998903,2.0569999999998845,2.1109999999998785,2.1649999999998726,2.2189999999998666,2.2729999999998607,2.325999999999855,2.379999999999849,2.433999999999843,2.487999999999837,2.541999999999831,2.5949999999998252,2.6489999999998193,2.7029999999998133,2.7569999999998074,2.8109999999998014,2.8639999999997956,2.9179999999997897,2.9719999999997837,3.0259999999997778,3.079999999999772,3.132999999999766,3.18699999999976,3.240999999999754,3.294999999999748,3.348999999999742,3.4019999999997363,3.4559999999997304,3.5099999999997245,3.5639999999997185,3.6179999999997126,3.6709999999997067,3.7249999999997008,3.778999999999695,3.832999999999689,3.886999999999683,3.939999999999677,3.993999999999671,4.0479999999996865,4.1019999999997045,4.155999999999723,4.20899999999974,4.262999999999758,4.316999999999776,4.370999999999794,4.424999999999812,4.47799999999983,4.531999999999848,4.572999999999862
17.0,0.10200000000000008,0.23100000000000018,0.3160000000000002,0.3900000000000003,0.45700000000000035,0.5210000000000004,0.5830000000000004,0.6430000000000005,0.7020000000000005,0.7600000000000006,0.8170000000000006,0.8740000000000007,0.9310000000000007,0.9870000000000008,1.042999999999996,1.0989999999999898,1.1549999999999836,1.2099999999999775,1.2659999999999714,1.3219999999999652,1.3769999999999591,1.431999999999953,1.487999999999947,1.5429999999999409,1.5989999999999347,1.6539999999999286,1.7089999999999226,1.7649999999999164,1.8199999999999104,1.8759999999999042,1.9309999999998981,1.985999999999892,2.041999999999886,2.09699999999988,2.151999999999874,2.207999999999868,2.262999999999862,2.3179999999998557,2.3739999999998496,2.4289999999998435,2.4839999999998374,2.5399999999998313,2.5949999999998252,2.649999999999819,2.705999999999813,2.760999999999807,2.815999999999801,2.8719999999997947,2.9269999999997887,2.9819999999997826,3.0379999999997764,3.0929999999997704,3.1479999999997643,3.203999999999758,3.258999999999752,3.313999999999746,3.36999999999974,3.424999999999734,3.4799999999997278,3.5359999999997216,3.5909999999997155,3.6459999999997095,3.7019999999997033,3.7569999999996972,3.811999999999691,3.867999999999685,3.922999999999679,3.977999999999673,4.033999999999682,4.0889999999997,4.143999999999719,4.199999999999737,4.254999999999756,4.309999999999774,4.365999999999793,4.420999999999811,4.4759999999998294,4.531999999999848,4.5869999999998665,4.641999999999885,4.684999999999899
17.5,0.10200000000000008,0.23100000000000018,0.3160000000000002,0.3900000000000003,0.45800000000000035,0.5230000000000004,0.5850000000000004,0.6460000000000005,0.7060000000000005,0.7650000000000006,0.8240000000000006,0.8820000000000007,0.9400000000000007,0.9980000000000008,1.0549999999999946,1.1119999999999883,1.168999999999982,1.2269999999999757,1.2839999999999694,1.340999999999963,1.3979999999999568,1.4549999999999506,1.5119999999999443,1.567999999999938,1.6249999999999318,1.6819999999999256,1.7389999999999193,1.795999999999913,1.8529999999999067,1.9099999999999004,1.9669999999998942,2.023999999999888,2.080999999999882,2.1369999999998757,2.1939999999998694,2.250999999999863,2.307999999999857,2.3649999999998506,2.4219999999998443,2.478999999999838,2.5359999999998317,2.5919999999998256,2.6489999999998193,2.705999999999813,2.7629999999998067,2.8199999999998004,2.876999999999794,2.933999999999788,2.9909999999997816,3.0469999999997754,3.103999999999769,3.160999999999763,3.2179999999997566,3.2749999999997503,3.331999999999744,3.3889999999997378,3.4459999999997315,3.5019999999997253,3.558999999999719,3.6159999999997128,3.6729999999997065,3.7299999999997,3.786999999999694,3.8439999999996877,3.9009999999996814,3.956999999999675,4.013999999999675,4.070999999999694,4.127999999999713,4.184999999999732,4.241999999999751,4.29899999999977,4.355999999999789,4.411999999999808,4.468999999999827,4.525999999999846,4.582999999999865,4.639999999999884,4.696999999999903,4.753999999999922,4.796999999999937
18.0,0.10200000000000008,0.23100000000000018,0.3170000000000002,0.3910000000000003,0.45900000000000035,0.5250000000000004,0.5880000000000004,0.6500000000000005,0.7110000000000005,0.7710000000000006,0.8310000000000006,0.8910000000000007,0.9500000000000007,1.0089999999999997,1.0679999999999932,1.1259999999999868,1.1849999999999803,1.2439999999999738,1.3019999999999674,1.360999999999961,1.4189999999999545,1.477999999999948,1.5359999999999416,1.5939999999999352,1.6529999999999287,1.7109999999999224,1.7699999999999159,1.8279999999999095,1.886999999999903,1.9449999999998966,2.0029999999998904,2.061999999999884,2.1199999999998775,2.178999999999871,2.2369999999998647,2.295999999999858,2.3539999999998518,2.4119999999998454,2.470999999999839,2.5289999999998325,2.587999999999826,2.6459999999998196,2.704999999999813,2.7629999999998067,2.8209999999998003,2.879999999999794,2.9379999999997874,2.996999999999781,3.0549999999997746,3.112999999999768,3.1719999999997617,3.2299999999997553,3.288999999999749,3.3469999999997424,3.405999999999736,3.4639999999997295,3.521999999999723,3.5809999999997166,3.6389999999997102,3.6979999999997037,3.7559999999996974,3.813999999999691,3.8729999999996845,3.930999999999678,3.9899999999996716,4.0479999999996865,4.106999999999706,4.164999999999726,4.222999999999745,4.281999999999765,4.339999999999784,4.398999999999804,4.456999999999823,4.5149999999998425,4.573999999999862,4.6319999999998815,4.690999999999901,4.748999999999921,4.80799999999994,4.86599999999996,4.910999999999975
18.5,0.10200000000000008,0.23100000000000018,0.3170000000000002,0.3910000000000003,0.46100000000000035,0.5270000000000004,0.5910000000000004,0.6540000000000005,0.7160000000000005,0.7780000000000006,0.8390000000000006,0.9000000000000007,0.9600000000000007,1.0209999999999984,1.0809999999999917,1.1409999999999851,1.2009999999999785,1.260999999999972,1.3209999999999653,1.3809999999999587,1.440999999999952,1.5009999999999455,1.5609999999999389,1.6209999999999323,1.6809999999999257,1.740999999999919,1.8009999999999124,1.8609999999999058,1.9209999999998992,1.9809999999998926,2.0409999999998862,2.1009999999998796,2.160999999999873,2.2209999999998664,2.28099999999986,2.340999999999853,2.4009999999998466,2.46099999999984,2.5209999999998334,2.5809999999998268,2.64099999999982,2.7009999999998136,2.760999999999807,2.8199999999998004,2.879999999999794,2.9399999999997872,2.9999999999997806,3.059999999999774,3.1199999999997674,3.179999999999761,3.239999999999754,3.2999999999997476,3.359999999999741,3.4199999999997344,3.4799999999997278,3.539999999999721,3.5999999999997145,3.659999999999708,3.7199999999997013,3.7799999999996947,3.839999999999688,3.8999999999996815,3.959999999999675,4.019999999999677,4.079999999999697,4.139999999999717,4.199999999999737,4.258999999999757,4.318999999999777,4.378999999999797,4.438999999999817,4.498999999999837,4.558999999999857,4.618999999999877,4.678999999999897,4.738999999999917,4.798999999999937,4.858999999999957,4.918999999999977,4.978999999999997,5.025000000000013
19.0,0.10200000000000008,0.23100000000000018,0.3170000000000002,0.3920000000000003,0.46200000000000035,0.5290000000000004,0.5950000000000004,0.6590000000000005,0.7220000000000005,0.7850000000000006,0.8470000000000006,0.9090000000000007,0.9710000000000008,1.032999999999997,1.0949999999999902,1.1559999999999835,1.2179999999999767,1.2799999999999698,1.340999999999963,1.4029999999999563,1.4639999999999496,1.5259999999999427,1.586999999999936,1.6489999999999292,1.7099999999999225,1.7719999999999156,1.832999999999909,1.894999999999902,1.9559999999998954,2.0179999999998888,2.078999999999882,2.1409999999998752,2.2019999999998685,2.2639999999998617,2.324999999999855,2.386999999999848,2.4479999999998414,2.5099999999998346,2.570999999999828,2.632999999999821,2.6939999999998143,2.7559999999998075,2.8169999999998008,2.878999999999794,2.9399999999997872,3.0019999999997804,3.0629999999997737,3.124999999999767,3.18599999999976,3.2479999999997533,3.3089999999997466,3.3709999999997398,3.431999999999733,3.493999999999726,3.5549999999997195,3.6169999999997127,3.677999999999706,3.739999999999699,3.8009999999996924,3.8629999999996856,3.923999999999679,3.985999999999672,4.046999999999686,4.108999999999707,4.169999999999727,4.231999999999748,4.292999999999768,4.354999999999789,4.415999999999809,4.47799999999983,4.5389999999998505,4.600999999999871,4.661999999999892,4.723999999999912,4.784999999999933,4.846999999999953,4.907999999999974,4.969999999999994,5.031000000000015,5.0930000000000355,5.140000000000051
19.5,0.10200000000000008,0.23100000000000018,0.3170000000000002,0.3930000000000003,0.46400000000000036,0.5320000000000004,0.5980000000000004,0.6630000000000005,0.7280000000000005,0.7920000000000006,0.8560000000000006,0.9190000000000007,0.9830000000000008,1.0459999999999956,1.1089999999999887,1.1719999999999817,1.2349999999999748,1.2979999999999678,1.360999999999961,1.4249999999999539,1.487999999999947,1.55099999999994,1.613999999999933,1.676999999999926,1.7399999999999192,1.8029999999999122,1.8659999999999053,1.9289999999998984,1.9919999999998914,2.0549999999998847,2.1179999999998778,2.180999999999871,2.243999999999864,2.306999999999857,2.36999999999985,2.432999999999843,2.495999999999836,2.558999999999829,2.6219999999998223,2.6849999999998153,2.7479999999998084,2.8119999999998013,2.8749999999997944,2.9379999999997874,3.0009999999997805,3.0639999999997736,3.1269999999997666,3.1899999999997597,3.2529999999997528,3.315999999999746,3.378999999999739,3.441999999999732,3.504999999999725,3.567999999999718,3.630999999999711,3.693999999999704,3.7569999999996972,3.8199999999996903,3.8829999999996834,3.9459999999996764,4.0089999999996735,4.0719999999996945,4.134999999999716,4.197999999999737,4.260999999999758,4.324999999999779,4.3879999999998,4.450999999999821,4.513999999999842,4.576999999999863,4.639999999999884,4.702999999999905,4.765999999999926,4.828999999999947,4.891999999999968,4.954999999999989,5.0180000000000105,5.0810000000000315,5.1440000000000525,5.207000000000074,5.25500000000009
20.0,0.10200000000000008,0.23100000000000018,0.3180000000000002,0.3940000000000003,0.46600000000000036,0.5350000000000004,0.6020000000000004,0.6680000000000005,0.7340000000000005,0.8000000000000006,0.8650000000000007,0.9300000000000007,0.9940000000000008,1.0589999999999942,1.123999999999987,1.1889999999999799,1.2529999999999728,1.3179999999999656,1.3819999999999586,1.4469999999999514,1.5119999999999443,1.5759999999999372,1.64099999999993,1.704999999999923,1.7699999999999159,1.8349999999999087,1.8989999999999017,1.9639999999998945,2.0279999999998877,2.0929999999998805,2.1569999999998735,2.2219999999998663,2.286999999999859,2.350999999999852,2.415999999999845,2.479999999999838,2.5449999999998307,2.6099999999998236,2.6739999999998165,2.7389999999998094,2.8029999999998023,2.867999999999795,2.931999999999788,2.996999999999781,3.061999999999774,3.1259999999997667,3.1909999999997596,3.2549999999997525,3.3199999999997454,3.384999999999738,3.448999999999731,3.513999999999724,3.577999999999717,3.64299999999971,3.7069999999997028,3.7719999999996956,3.8369999999996884,3.9009999999996814,3.9659999999996742,4.0299999999996805,4.094999999999702,4.159999999999724,4.223999999999745,4.288999999999767,4.352999999999788,4.41799999999981,4.4819999999998315,4.546999999999853,4.611999999999875,4.675999999999896,4.740999999999918,4.804999999999939,4.869999999999961,4.934999999999983,4.999000000000004,5.064000000000026,5.128000000000047,5.193000000000069,5.25700000000009,5.322000000000112,5.372000000000129
20.5,0.10200000000000008,0.23100000000000018,0.3180000000000002,0.3950000000000003,0.46800000000000036,0.5370000000000004,0.6060000000000004,0.6740000000000005,0.7410000000000005,0.8080000000000006,0.8740000000000007,0.9400000000000007,1.007,1.0729999999999926,1.1389999999999854,1.204999999999978,1.2719999999999707,1.3379999999999634,1.4039999999999562,1.469999999999949,1.5359999999999416,1.6019999999999344,1.667999999999927,1.7339999999999198,1.8009999999999124,1.8669999999999052,1.932999999999898,1.9989999999998906,2.0649999999998836,2.1309999999998763,2.196999999999869,2.2639999999998617,2.3299999999998544,2.395999999999847,2.46199999999984,2.5279999999998326,2.5939999999998253,2.659999999999818,2.725999999999811,2.7929999999998034,2.858999999999796,2.924999999999789,2.9909999999997816,3.0569999999997743,3.122999999999767,3.18899999999976,3.2549999999997525,3.321999999999745,3.387999999999738,3.4539999999997306,3.5199999999997234,3.585999999999716,3.651999999999709,3.7179999999997015,3.7839999999996943,3.850999999999687,3.9169999999996796,3.9829999999996724,4.048999999999687,4.114999999999709,4.180999999999731,4.246999999999753,4.312999999999775,4.379999999999797,4.445999999999819,4.5119999999998415,4.5779999999998635,4.6439999999998856,4.709999999999908,4.77599999999993,4.841999999999952,4.908999999999974,4.974999999999996,5.041000000000018,5.10700000000004,5.173000000000062,5.239000000000084,5.305000000000106,5.371000000000128,5.438000000000151,5.488000000000167